Miền,Thứ,Ngày,Tỉnh,Giải đặc biệt,Giải nhất,Giải nhì,Giải ba,Giải tư,Giải năm,Giải sáu,Giải bảy,Giải tám
Miền Nam,Giải 8,Trực tiếp XSLA - Xổ số Long An hôm kia 02-12-2023 XSMN » XSLA thứ 7 » XSLA 2-12-2023 SXLA - Xổ số đài Long An 25-11-2023 XSMN » XSLA thứ 7 » XSLA 25-11-2023 KQXSLA - XS Long An 18-11-2023 XSMN » XSLA thứ 7 » XSLA 18-11-2023 XSLAN - XSKT Long An 11-11-2023 XSMN » XSLA thứ 7 » XSLA 11-11-2023 SXLAN - KQXS Long An 04-11-2023 XSMN » XSLA thứ 7 » XSLA 4-11-2023 SX LA - SX Long An 28-10-2023 XSMN » XSLA thứ 7 » XSLA 28-10-2023 Xổ số kiến thiết Long An 21-10-2023 XSMN » XSLA thứ 7 » XSLA 21-10-2023,Tỉnh,09,Giải đặc biệt,Giải nhất,Giải nhì,Giải ba,Giải tư,Giải năm,Giải sáu,Giải bảy,Giải tám
Miền Nam,Giải 7,Trực tiếp XSLA - Xổ số Long An hôm kia 02-12-2023 XSMN » XSLA thứ 7 » XSLA 2-12-2023 SXLA - Xổ số đài Long An 25-11-2023 XSMN » XSLA thứ 7 » XSLA 25-11-2023 KQXSLA - XS Long An 18-11-2023 XSMN » XSLA thứ 7 » XSLA 18-11-2023 XSLAN - XSKT Long An 11-11-2023 XSMN » XSLA thứ 7 » XSLA 11-11-2023 SXLAN - KQXS Long An 04-11-2023 XSMN » XSLA thứ 7 » XSLA 4-11-2023 SX LA - SX Long An 28-10-2023 XSMN » XSLA thứ 7 » XSLA 28-10-2023 Xổ số kiến thiết Long An 21-10-2023 XSMN » XSLA thứ 7 » XSLA 21-10-2023,Tỉnh,947,Giải đặc biệt,Giải nhất,Giải nhì,Giải ba,Giải tư,Giải năm,Giải sáu,Giải bảy,Giải tám
Miền Nam,Giải 6,Trực tiếp XSLA - Xổ số Long An hôm kia 02-12-2023 XSMN » XSLA thứ 7 » XSLA 2-12-2023 SXLA - Xổ số đài Long An 25-11-2023 XSMN » XSLA thứ 7 » XSLA 25-11-2023 KQXSLA - XS Long An 18-11-2023 XSMN » XSLA thứ 7 » XSLA 18-11-2023 XSLAN - XSKT Long An 11-11-2023 XSMN » XSLA thứ 7 » XSLA 11-11-2023 SXLAN - KQXS Long An 04-11-2023 XSMN » XSLA thứ 7 » XSLA 4-11-2023 SX LA - SX Long An 28-10-2023 XSMN » XSLA thứ 7 » XSLA 28-10-2023 Xổ số kiến thiết Long An 21-10-2023 XSMN » XSLA thứ 7 » XSLA 21-10-2023,Tỉnh,9085 9453 7709,Giải đặc biệt,Giải nhất,Giải nhì,Giải ba,Giải tư,Giải năm,Giải sáu,Giải bảy,Giải tám
Miền Nam,Giải 5,Trực tiếp XSLA - Xổ số Long An hôm kia 02-12-2023 XSMN » XSLA thứ 7 » XSLA 2-12-2023 SXLA - Xổ số đài Long An 25-11-2023 XSMN » XSLA thứ 7 » XSLA 25-11-2023 KQXSLA - XS Long An 18-11-2023 XSMN » XSLA thứ 7 » XSLA 18-11-2023 XSLAN - XSKT Long An 11-11-2023 XSMN » XSLA thứ 7 » XSLA 11-11-2023 SXLAN - KQXS Long An 04-11-2023 XSMN » XSLA thứ 7 » XSLA 4-11-2023 SX LA - SX Long An 28-10-2023 XSMN » XSLA thứ 7 » XSLA 28-10-2023 Xổ số kiến thiết Long An 21-10-2023 XSMN » XSLA thứ 7 » XSLA 21-10-2023,Tỉnh,1974,Giải đặc biệt,Giải nhất,Giải nhì,Giải ba,Giải tư,Giải năm,Giải sáu,Giải bảy,Giải tám
Miền Nam,,Trực tiếp XSLA - Xổ số Long An hôm kia 02-12-2023 XSMN » XSLA thứ 7 » XSLA 2-12-2023 SXLA - Xổ số đài Long An 25-11-2023 XSMN » XSLA thứ 7 » XSLA 25-11-2023 KQXSLA - XS Long An 18-11-2023 XSMN » XSLA thứ 7 » XSLA 18-11-2023 XSLAN - XSKT Long An 11-11-2023 XSMN » XSLA thứ 7 » XSLA 11-11-2023 SXLAN - KQXS Long An 04-11-2023 XSMN » XSLA thứ 7 » XSLA 4-11-2023 SX LA - SX Long An 28-10-2023 XSMN » XSLA thứ 7 » XSLA 28-10-2023 Xổ số kiến thiết Long An 21-10-2023 XSMN » XSLA thứ 7 » XSLA 21-10-2023,Tỉnh,28882 77427 13358 30343 65757 81450 58610,Giải đặc biệt,Giải nhất,Giải nhì,Giải ba,Giải tư,Giải năm,Giải sáu,Giải bảy,Giải tám
Miền Nam,Giải 3,Trực tiếp XSLA - Xổ số Long An hôm kia 02-12-2023 XSMN » XSLA thứ 7 » XSLA 2-12-2023 SXLA - Xổ số đài Long An 25-11-2023 XSMN » XSLA thứ 7 » XSLA 25-11-2023 KQXSLA - XS Long An 18-11-2023 XSMN » XSLA thứ 7 » XSLA 18-11-2023 XSLAN - XSKT Long An 11-11-2023 XSMN » XSLA thứ 7 » XSLA 11-11-2023 SXLAN - KQXS Long An 04-11-2023 XSMN » XSLA thứ 7 » XSLA 4-11-2023 SX LA - SX Long An 28-10-2023 XSMN » XSLA thứ 7 » XSLA 28-10-2023 Xổ số kiến thiết Long An 21-10-2023 XSMN » XSLA thứ 7 » XSLA 21-10-2023,Tỉnh,26475 26054,Giải đặc biệt,Giải nhất,Giải nhì,Giải ba,Giải tư,Giải năm,Giải sáu,Giải bảy,Giải tám
Miền Nam,Giải 2,Trực tiếp XSLA - Xổ số Long An hôm kia 02-12-2023 XSMN » XSLA thứ 7 » XSLA 2-12-2023 SXLA - Xổ số đài Long An 25-11-2023 XSMN » XSLA thứ 7 » XSLA 25-11-2023 KQXSLA - XS Long An 18-11-2023 XSMN » XSLA thứ 7 » XSLA 18-11-2023 XSLAN - XSKT Long An 11-11-2023 XSMN » XSLA thứ 7 » XSLA 11-11-2023 SXLAN - KQXS Long An 04-11-2023 XSMN » XSLA thứ 7 » XSLA 4-11-2023 SX LA - SX Long An 28-10-2023 XSMN » XSLA thứ 7 » XSLA 28-10-2023 Xổ số kiến thiết Long An 21-10-2023 XSMN » XSLA thứ 7 » XSLA 21-10-2023,Tỉnh,35332,Giải đặc biệt,Giải nhất,Giải nhì,Giải ba,Giải tư,Giải năm,Giải sáu,Giải bảy,Giải tám
Miền Nam,Giải 1,Trực tiếp XSLA - Xổ số Long An hôm kia 02-12-2023 XSMN » XSLA thứ 7 » XSLA 2-12-2023 SXLA - Xổ số đài Long An 25-11-2023 XSMN » XSLA thứ 7 » XSLA 25-11-2023 KQXSLA - XS Long An 18-11-2023 XSMN » XSLA thứ 7 » XSLA 18-11-2023 XSLAN - XSKT Long An 11-11-2023 XSMN » XSLA thứ 7 » XSLA 11-11-2023 SXLAN - KQXS Long An 04-11-2023 XSMN » XSLA thứ 7 » XSLA 4-11-2023 SX LA - SX Long An 28-10-2023 XSMN » XSLA thứ 7 » XSLA 28-10-2023 Xổ số kiến thiết Long An 21-10-2023 XSMN » XSLA thứ 7 » XSLA 21-10-2023,Tỉnh,04281,Giải đặc biệt,Giải nhất,Giải nhì,Giải ba,Giải tư,Giải năm,Giải sáu,Giải bảy,Giải tám
Miền Nam,ĐB,Trực tiếp XSLA - Xổ số Long An hôm kia 02-12-2023 XSMN » XSLA thứ 7 » XSLA 2-12-2023 SXLA - Xổ số đài Long An 25-11-2023 XSMN » XSLA thứ 7 » XSLA 25-11-2023 KQXSLA - XS Long An 18-11-2023 XSMN » XSLA thứ 7 » XSLA 18-11-2023 XSLAN - XSKT Long An 11-11-2023 XSMN » XSLA thứ 7 » XSLA 11-11-2023 SXLAN - KQXS Long An 04-11-2023 XSMN » XSLA thứ 7 » XSLA 4-11-2023 SX LA - SX Long An 28-10-2023 XSMN » XSLA thứ 7 » XSLA 28-10-2023 Xổ số kiến thiết Long An 21-10-2023 XSMN » XSLA thứ 7 » XSLA 21-10-2023,Tỉnh,669051,Giải đặc biệt,Giải nhất,Giải nhì,Giải ba,Giải tư,Giải năm,Giải sáu,Giải bảy,Giải tám
Miền Nam,Giải 8,Trực tiếp XSLA - Xổ số Long An hôm kia 02-12-2023 XSMN » XSLA thứ 7 » XSLA 2-12-2023 SXLA - Xổ số đài Long An 25-11-2023 XSMN » XSLA thứ 7 » XSLA 25-11-2023 KQXSLA - XS Long An 18-11-2023 XSMN » XSLA thứ 7 » XSLA 18-11-2023 XSLAN - XSKT Long An 11-11-2023 XSMN » XSLA thứ 7 » XSLA 11-11-2023 SXLAN - KQXS Long An 04-11-2023 XSMN » XSLA thứ 7 » XSLA 4-11-2023 SX LA - SX Long An 28-10-2023 XSMN » XSLA thứ 7 » XSLA 28-10-2023 Xổ số kiến thiết Long An 21-10-2023 XSMN » XSLA thứ 7 » XSLA 21-10-2023,Tỉnh,39,Giải đặc biệt,Giải nhất,Giải nhì,Giải ba,Giải tư,Giải năm,Giải sáu,Giải bảy,Giải tám
Miền Nam,Giải 7,Trực tiếp XSLA - Xổ số Long An hôm kia 02-12-2023 XSMN » XSLA thứ 7 » XSLA 2-12-2023 SXLA - Xổ số đài Long An 25-11-2023 XSMN » XSLA thứ 7 » XSLA 25-11-2023 KQXSLA - XS Long An 18-11-2023 XSMN » XSLA thứ 7 » XSLA 18-11-2023 XSLAN - XSKT Long An 11-11-2023 XSMN » XSLA thứ 7 » XSLA 11-11-2023 SXLAN - KQXS Long An 04-11-2023 XSMN » XSLA thứ 7 » XSLA 4-11-2023 SX LA - SX Long An 28-10-2023 XSMN » XSLA thứ 7 » XSLA 28-10-2023 Xổ số kiến thiết Long An 21-10-2023 XSMN » XSLA thứ 7 » XSLA 21-10-2023,Tỉnh,027,Giải đặc biệt,Giải nhất,Giải nhì,Giải ba,Giải tư,Giải năm,Giải sáu,Giải bảy,Giải tám
Miền Nam,Giải 6,Trực tiếp XSLA - Xổ số Long An hôm kia 02-12-2023 XSMN » XSLA thứ 7 » XSLA 2-12-2023 SXLA - Xổ số đài Long An 25-11-2023 XSMN » XSLA thứ 7 » XSLA 25-11-2023 KQXSLA - XS Long An 18-11-2023 XSMN » XSLA thứ 7 » XSLA 18-11-2023 XSLAN - XSKT Long An 11-11-2023 XSMN » XSLA thứ 7 » XSLA 11-11-2023 SXLAN - KQXS Long An 04-11-2023 XSMN » XSLA thứ 7 » XSLA 4-11-2023 SX LA - SX Long An 28-10-2023 XSMN » XSLA thứ 7 » XSLA 28-10-2023 Xổ số kiến thiết Long An 21-10-2023 XSMN » XSLA thứ 7 » XSLA 21-10-2023,Tỉnh,3575 1920 4916,Giải đặc biệt,Giải nhất,Giải nhì,Giải ba,Giải tư,Giải năm,Giải sáu,Giải bảy,Giải tám
Miền Nam,Giải 5,Trực tiếp XSLA - Xổ số Long An hôm kia 02-12-2023 XSMN » XSLA thứ 7 » XSLA 2-12-2023 SXLA - Xổ số đài Long An 25-11-2023 XSMN » XSLA thứ 7 » XSLA 25-11-2023 KQXSLA - XS Long An 18-11-2023 XSMN » XSLA thứ 7 » XSLA 18-11-2023 XSLAN - XSKT Long An 11-11-2023 XSMN » XSLA thứ 7 » XSLA 11-11-2023 SXLAN - KQXS Long An 04-11-2023 XSMN » XSLA thứ 7 » XSLA 4-11-2023 SX LA - SX Long An 28-10-2023 XSMN » XSLA thứ 7 » XSLA 28-10-2023 Xổ số kiến thiết Long An 21-10-2023 XSMN » XSLA thứ 7 » XSLA 21-10-2023,Tỉnh,1502,Giải đặc biệt,Giải nhất,Giải nhì,Giải ba,Giải tư,Giải năm,Giải sáu,Giải bảy,Giải tám
Miền Nam,,Trực tiếp XSLA - Xổ số Long An hôm kia 02-12-2023 XSMN » XSLA thứ 7 » XSLA 2-12-2023 SXLA - Xổ số đài Long An 25-11-2023 XSMN » XSLA thứ 7 » XSLA 25-11-2023 KQXSLA - XS Long An 18-11-2023 XSMN » XSLA thứ 7 » XSLA 18-11-2023 XSLAN - XSKT Long An 11-11-2023 XSMN » XSLA thứ 7 » XSLA 11-11-2023 SXLAN - KQXS Long An 04-11-2023 XSMN » XSLA thứ 7 » XSLA 4-11-2023 SX LA - SX Long An 28-10-2023 XSMN » XSLA thứ 7 » XSLA 28-10-2023 Xổ số kiến thiết Long An 21-10-2023 XSMN » XSLA thứ 7 » XSLA 21-10-2023,Tỉnh,88769 57408 76707 71366 37210 61585 99950,Giải đặc biệt,Giải nhất,Giải nhì,Giải ba,Giải tư,Giải năm,Giải sáu,Giải bảy,Giải tám
Miền Nam,Giải 3,Trực tiếp XSLA - Xổ số Long An hôm kia 02-12-2023 XSMN » XSLA thứ 7 » XSLA 2-12-2023 SXLA - Xổ số đài Long An 25-11-2023 XSMN » XSLA thứ 7 » XSLA 25-11-2023 KQXSLA - XS Long An 18-11-2023 XSMN » XSLA thứ 7 » XSLA 18-11-2023 XSLAN - XSKT Long An 11-11-2023 XSMN » XSLA thứ 7 » XSLA 11-11-2023 SXLAN - KQXS Long An 04-11-2023 XSMN » XSLA thứ 7 » XSLA 4-11-2023 SX LA - SX Long An 28-10-2023 XSMN » XSLA thứ 7 » XSLA 28-10-2023 Xổ số kiến thiết Long An 21-10-2023 XSMN » XSLA thứ 7 » XSLA 21-10-2023,Tỉnh,54079 16935,Giải đặc biệt,Giải nhất,Giải nhì,Giải ba,Giải tư,Giải năm,Giải sáu,Giải bảy,Giải tám
Miền Nam,Giải 2,Trực tiếp XSLA - Xổ số Long An hôm kia 02-12-2023 XSMN » XSLA thứ 7 » XSLA 2-12-2023 SXLA - Xổ số đài Long An 25-11-2023 XSMN » XSLA thứ 7 » XSLA 25-11-2023 KQXSLA - XS Long An 18-11-2023 XSMN » XSLA thứ 7 » XSLA 18-11-2023 XSLAN - XSKT Long An 11-11-2023 XSMN » XSLA thứ 7 » XSLA 11-11-2023 SXLAN - KQXS Long An 04-11-2023 XSMN » XSLA thứ 7 » XSLA 4-11-2023 SX LA - SX Long An 28-10-2023 XSMN » XSLA thứ 7 » XSLA 28-10-2023 Xổ số kiến thiết Long An 21-10-2023 XSMN » XSLA thứ 7 » XSLA 21-10-2023,Tỉnh,26503,Giải đặc biệt,Giải nhất,Giải nhì,Giải ba,Giải tư,Giải năm,Giải sáu,Giải bảy,Giải tám
Miền Nam,Giải 1,Trực tiếp XSLA - Xổ số Long An hôm kia 02-12-2023 XSMN » XSLA thứ 7 » XSLA 2-12-2023 SXLA - Xổ số đài Long An 25-11-2023 XSMN » XSLA thứ 7 » XSLA 25-11-2023 KQXSLA - XS Long An 18-11-2023 XSMN » XSLA thứ 7 » XSLA 18-11-2023 XSLAN - XSKT Long An 11-11-2023 XSMN » XSLA thứ 7 » XSLA 11-11-2023 SXLAN - KQXS Long An 04-11-2023 XSMN » XSLA thứ 7 » XSLA 4-11-2023 SX LA - SX Long An 28-10-2023 XSMN » XSLA thứ 7 » XSLA 28-10-2023 Xổ số kiến thiết Long An 21-10-2023 XSMN » XSLA thứ 7 » XSLA 21-10-2023,Tỉnh,12463,Giải đặc biệt,Giải nhất,Giải nhì,Giải ba,Giải tư,Giải năm,Giải sáu,Giải bảy,Giải tám
Miền Nam,ĐB,Trực tiếp XSLA - Xổ số Long An hôm kia 02-12-2023 XSMN » XSLA thứ 7 » XSLA 2-12-2023 SXLA - Xổ số đài Long An 25-11-2023 XSMN » XSLA thứ 7 » XSLA 25-11-2023 KQXSLA - XS Long An 18-11-2023 XSMN » XSLA thứ 7 » XSLA 18-11-2023 XSLAN - XSKT Long An 11-11-2023 XSMN » XSLA thứ 7 » XSLA 11-11-2023 SXLAN - KQXS Long An 04-11-2023 XSMN » XSLA thứ 7 » XSLA 4-11-2023 SX LA - SX Long An 28-10-2023 XSMN » XSLA thứ 7 » XSLA 28-10-2023 Xổ số kiến thiết Long An 21-10-2023 XSMN » XSLA thứ 7 » XSLA 21-10-2023,Tỉnh,736932,Giải đặc biệt,Giải nhất,Giải nhì,Giải ba,Giải tư,Giải năm,Giải sáu,Giải bảy,Giải tám
Miền Nam,Giải 8,Trực tiếp XSLA - Xổ số Long An hôm kia 02-12-2023 XSMN » XSLA thứ 7 » XSLA 2-12-2023 SXLA - Xổ số đài Long An 25-11-2023 XSMN » XSLA thứ 7 » XSLA 25-11-2023 KQXSLA - XS Long An 18-11-2023 XSMN » XSLA thứ 7 » XSLA 18-11-2023 XSLAN - XSKT Long An 11-11-2023 XSMN » XSLA thứ 7 » XSLA 11-11-2023 SXLAN - KQXS Long An 04-11-2023 XSMN » XSLA thứ 7 » XSLA 4-11-2023 SX LA - SX Long An 28-10-2023 XSMN » XSLA thứ 7 » XSLA 28-10-2023 Xổ số kiến thiết Long An 21-10-2023 XSMN » XSLA thứ 7 » XSLA 21-10-2023,Tỉnh,21,Giải đặc biệt,Giải nhất,Giải nhì,Giải ba,Giải tư,Giải năm,Giải sáu,Giải bảy,Giải tám
Miền Nam,Giải 7,Trực tiếp XSLA - Xổ số Long An hôm kia 02-12-2023 XSMN » XSLA thứ 7 » XSLA 2-12-2023 SXLA - Xổ số đài Long An 25-11-2023 XSMN » XSLA thứ 7 » XSLA 25-11-2023 KQXSLA - XS Long An 18-11-2023 XSMN » XSLA thứ 7 » XSLA 18-11-2023 XSLAN - XSKT Long An 11-11-2023 XSMN » XSLA thứ 7 » XSLA 11-11-2023 SXLAN - KQXS Long An 04-11-2023 XSMN » XSLA thứ 7 » XSLA 4-11-2023 SX LA - SX Long An 28-10-2023 XSMN » XSLA thứ 7 » XSLA 28-10-2023 Xổ số kiến thiết Long An 21-10-2023 XSMN » XSLA thứ 7 » XSLA 21-10-2023,Tỉnh,778,Giải đặc biệt,Giải nhất,Giải nhì,Giải ba,Giải tư,Giải năm,Giải sáu,Giải bảy,Giải tám
Miền Nam,Giải 6,Trực tiếp XSLA - Xổ số Long An hôm kia 02-12-2023 XSMN » XSLA thứ 7 » XSLA 2-12-2023 SXLA - Xổ số đài Long An 25-11-2023 XSMN » XSLA thứ 7 » XSLA 25-11-2023 KQXSLA - XS Long An 18-11-2023 XSMN » XSLA thứ 7 » XSLA 18-11-2023 XSLAN - XSKT Long An 11-11-2023 XSMN » XSLA thứ 7 » XSLA 11-11-2023 SXLAN - KQXS Long An 04-11-2023 XSMN » XSLA thứ 7 » XSLA 4-11-2023 SX LA - SX Long An 28-10-2023 XSMN » XSLA thứ 7 » XSLA 28-10-2023 Xổ số kiến thiết Long An 21-10-2023 XSMN » XSLA thứ 7 » XSLA 21-10-2023,Tỉnh,0910 0217 2485,Giải đặc biệt,Giải nhất,Giải nhì,Giải ba,Giải tư,Giải năm,Giải sáu,Giải bảy,Giải tám
Miền Nam,Giải 5,Trực tiếp XSLA - Xổ số Long An hôm kia 02-12-2023 XSMN » XSLA thứ 7 » XSLA 2-12-2023 SXLA - Xổ số đài Long An 25-11-2023 XSMN » XSLA thứ 7 » XSLA 25-11-2023 KQXSLA - XS Long An 18-11-2023 XSMN » XSLA thứ 7 » XSLA 18-11-2023 XSLAN - XSKT Long An 11-11-2023 XSMN » XSLA thứ 7 » XSLA 11-11-2023 SXLAN - KQXS Long An 04-11-2023 XSMN » XSLA thứ 7 » XSLA 4-11-2023 SX LA - SX Long An 28-10-2023 XSMN » XSLA thứ 7 » XSLA 28-10-2023 Xổ số kiến thiết Long An 21-10-2023 XSMN » XSLA thứ 7 » XSLA 21-10-2023,Tỉnh,4873,Giải đặc biệt,Giải nhất,Giải nhì,Giải ba,Giải tư,Giải năm,Giải sáu,Giải bảy,Giải tám
Miền Nam,,Trực tiếp XSLA - Xổ số Long An hôm kia 02-12-2023 XSMN » XSLA thứ 7 » XSLA 2-12-2023 SXLA - Xổ số đài Long An 25-11-2023 XSMN » XSLA thứ 7 » XSLA 25-11-2023 KQXSLA - XS Long An 18-11-2023 XSMN » XSLA thứ 7 » XSLA 18-11-2023 XSLAN - XSKT Long An 11-11-2023 XSMN » XSLA thứ 7 » XSLA 11-11-2023 SXLAN - KQXS Long An 04-11-2023 XSMN » XSLA thứ 7 » XSLA 4-11-2023 SX LA - SX Long An 28-10-2023 XSMN » XSLA thứ 7 » XSLA 28-10-2023 Xổ số kiến thiết Long An 21-10-2023 XSMN » XSLA thứ 7 » XSLA 21-10-2023,Tỉnh,03438 74181 21439 71527 18441 43833 09690,Giải đặc biệt,Giải nhất,Giải nhì,Giải ba,Giải tư,Giải năm,Giải sáu,Giải bảy,Giải tám
Miền Nam,Giải 3,Trực tiếp XSLA - Xổ số Long An hôm kia 02-12-2023 XSMN » XSLA thứ 7 » XSLA 2-12-2023 SXLA - Xổ số đài Long An 25-11-2023 XSMN » XSLA thứ 7 » XSLA 25-11-2023 KQXSLA - XS Long An 18-11-2023 XSMN » XSLA thứ 7 » XSLA 18-11-2023 XSLAN - XSKT Long An 11-11-2023 XSMN » XSLA thứ 7 » XSLA 11-11-2023 SXLAN - KQXS Long An 04-11-2023 XSMN » XSLA thứ 7 » XSLA 4-11-2023 SX LA - SX Long An 28-10-2023 XSMN » XSLA thứ 7 » XSLA 28-10-2023 Xổ số kiến thiết Long An 21-10-2023 XSMN » XSLA thứ 7 » XSLA 21-10-2023,Tỉnh,60766 56412,Giải đặc biệt,Giải nhất,Giải nhì,Giải ba,Giải tư,Giải năm,Giải sáu,Giải bảy,Giải tám
Miền Nam,Giải 2,Trực tiếp XSLA - Xổ số Long An hôm kia 02-12-2023 XSMN » XSLA thứ 7 » XSLA 2-12-2023 SXLA - Xổ số đài Long An 25-11-2023 XSMN » XSLA thứ 7 » XSLA 25-11-2023 KQXSLA - XS Long An 18-11-2023 XSMN » XSLA thứ 7 » XSLA 18-11-2023 XSLAN - XSKT Long An 11-11-2023 XSMN » XSLA thứ 7 » XSLA 11-11-2023 SXLAN - KQXS Long An 04-11-2023 XSMN » XSLA thứ 7 » XSLA 4-11-2023 SX LA - SX Long An 28-10-2023 XSMN » XSLA thứ 7 » XSLA 28-10-2023 Xổ số kiến thiết Long An 21-10-2023 XSMN » XSLA thứ 7 » XSLA 21-10-2023,Tỉnh,33488,Giải đặc biệt,Giải nhất,Giải nhì,Giải ba,Giải tư,Giải năm,Giải sáu,Giải bảy,Giải tám
Miền Nam,Giải 1,Trực tiếp XSLA - Xổ số Long An hôm kia 02-12-2023 XSMN » XSLA thứ 7 » XSLA 2-12-2023 SXLA - Xổ số đài Long An 25-11-2023 XSMN » XSLA thứ 7 » XSLA 25-11-2023 KQXSLA - XS Long An 18-11-2023 XSMN » XSLA thứ 7 » XSLA 18-11-2023 XSLAN - XSKT Long An 11-11-2023 XSMN » XSLA thứ 7 » XSLA 11-11-2023 SXLAN - KQXS Long An 04-11-2023 XSMN » XSLA thứ 7 » XSLA 4-11-2023 SX LA - SX Long An 28-10-2023 XSMN » XSLA thứ 7 » XSLA 28-10-2023 Xổ số kiến thiết Long An 21-10-2023 XSMN » XSLA thứ 7 » XSLA 21-10-2023,Tỉnh,14351,Giải đặc biệt,Giải nhất,Giải nhì,Giải ba,Giải tư,Giải năm,Giải sáu,Giải bảy,Giải tám
Miền Nam,ĐB,Trực tiếp XSLA - Xổ số Long An hôm kia 02-12-2023 XSMN » XSLA thứ 7 » XSLA 2-12-2023 SXLA - Xổ số đài Long An 25-11-2023 XSMN » XSLA thứ 7 » XSLA 25-11-2023 KQXSLA - XS Long An 18-11-2023 XSMN » XSLA thứ 7 » XSLA 18-11-2023 XSLAN - XSKT Long An 11-11-2023 XSMN » XSLA thứ 7 » XSLA 11-11-2023 SXLAN - KQXS Long An 04-11-2023 XSMN » XSLA thứ 7 » XSLA 4-11-2023 SX LA - SX Long An 28-10-2023 XSMN » XSLA thứ 7 » XSLA 28-10-2023 Xổ số kiến thiết Long An 21-10-2023 XSMN » XSLA thứ 7 » XSLA 21-10-2023,Tỉnh,033554,Giải đặc biệt,Giải nhất,Giải nhì,Giải ba,Giải tư,Giải năm,Giải sáu,Giải bảy,Giải tám
Miền Nam,Giải 8,Trực tiếp XSLA - Xổ số Long An hôm kia 02-12-2023 XSMN » XSLA thứ 7 » XSLA 2-12-2023 SXLA - Xổ số đài Long An 25-11-2023 XSMN » XSLA thứ 7 » XSLA 25-11-2023 KQXSLA - XS Long An 18-11-2023 XSMN » XSLA thứ 7 » XSLA 18-11-2023 XSLAN - XSKT Long An 11-11-2023 XSMN » XSLA thứ 7 » XSLA 11-11-2023 SXLAN - KQXS Long An 04-11-2023 XSMN » XSLA thứ 7 » XSLA 4-11-2023 SX LA - SX Long An 28-10-2023 XSMN » XSLA thứ 7 » XSLA 28-10-2023 Xổ số kiến thiết Long An 21-10-2023 XSMN » XSLA thứ 7 » XSLA 21-10-2023,Tỉnh,01,Giải đặc biệt,Giải nhất,Giải nhì,Giải ba,Giải tư,Giải năm,Giải sáu,Giải bảy,Giải tám
Miền Nam,Giải 7,Trực tiếp XSLA - Xổ số Long An hôm kia 02-12-2023 XSMN » XSLA thứ 7 » XSLA 2-12-2023 SXLA - Xổ số đài Long An 25-11-2023 XSMN » XSLA thứ 7 » XSLA 25-11-2023 KQXSLA - XS Long An 18-11-2023 XSMN » XSLA thứ 7 » XSLA 18-11-2023 XSLAN - XSKT Long An 11-11-2023 XSMN » XSLA thứ 7 » XSLA 11-11-2023 SXLAN - KQXS Long An 04-11-2023 XSMN » XSLA thứ 7 » XSLA 4-11-2023 SX LA - SX Long An 28-10-2023 XSMN » XSLA thứ 7 » XSLA 28-10-2023 Xổ số kiến thiết Long An 21-10-2023 XSMN » XSLA thứ 7 » XSLA 21-10-2023,Tỉnh,806,Giải đặc biệt,Giải nhất,Giải nhì,Giải ba,Giải tư,Giải năm,Giải sáu,Giải bảy,Giải tám
Miền Nam,Giải 6,Trực tiếp XSLA - Xổ số Long An hôm kia 02-12-2023 XSMN » XSLA thứ 7 » XSLA 2-12-2023 SXLA - Xổ số đài Long An 25-11-2023 XSMN » XSLA thứ 7 » XSLA 25-11-2023 KQXSLA - XS Long An 18-11-2023 XSMN » XSLA thứ 7 » XSLA 18-11-2023 XSLAN - XSKT Long An 11-11-2023 XSMN » XSLA thứ 7 » XSLA 11-11-2023 SXLAN - KQXS Long An 04-11-2023 XSMN » XSLA thứ 7 » XSLA 4-11-2023 SX LA - SX Long An 28-10-2023 XSMN » XSLA thứ 7 » XSLA 28-10-2023 Xổ số kiến thiết Long An 21-10-2023 XSMN » XSLA thứ 7 » XSLA 21-10-2023,Tỉnh,2214 0131 2281,Giải đặc biệt,Giải nhất,Giải nhì,Giải ba,Giải tư,Giải năm,Giải sáu,Giải bảy,Giải tám
Miền Nam,Giải 5,Trực tiếp XSLA - Xổ số Long An hôm kia 02-12-2023 XSMN » XSLA thứ 7 » XSLA 2-12-2023 SXLA - Xổ số đài Long An 25-11-2023 XSMN » XSLA thứ 7 » XSLA 25-11-2023 KQXSLA - XS Long An 18-11-2023 XSMN » XSLA thứ 7 » XSLA 18-11-2023 XSLAN - XSKT Long An 11-11-2023 XSMN » XSLA thứ 7 » XSLA 11-11-2023 SXLAN - KQXS Long An 04-11-2023 XSMN » XSLA thứ 7 » XSLA 4-11-2023 SX LA - SX Long An 28-10-2023 XSMN » XSLA thứ 7 » XSLA 28-10-2023 Xổ số kiến thiết Long An 21-10-2023 XSMN » XSLA thứ 7 » XSLA 21-10-2023,Tỉnh,4119,Giải đặc biệt,Giải nhất,Giải nhì,Giải ba,Giải tư,Giải năm,Giải sáu,Giải bảy,Giải tám
Miền Nam,,Trực tiếp XSLA - Xổ số Long An hôm kia 02-12-2023 XSMN » XSLA thứ 7 » XSLA 2-12-2023 SXLA - Xổ số đài Long An 25-11-2023 XSMN » XSLA thứ 7 » XSLA 25-11-2023 KQXSLA - XS Long An 18-11-2023 XSMN » XSLA thứ 7 » XSLA 18-11-2023 XSLAN - XSKT Long An 11-11-2023 XSMN » XSLA thứ 7 » XSLA 11-11-2023 SXLAN - KQXS Long An 04-11-2023 XSMN » XSLA thứ 7 » XSLA 4-11-2023 SX LA - SX Long An 28-10-2023 XSMN » XSLA thứ 7 » XSLA 28-10-2023 Xổ số kiến thiết Long An 21-10-2023 XSMN » XSLA thứ 7 » XSLA 21-10-2023,Tỉnh,09434 10570 09675 00691 25939 91662 17131,Giải đặc biệt,Giải nhất,Giải nhì,Giải ba,Giải tư,Giải năm,Giải sáu,Giải bảy,Giải tám
Miền Nam,Giải 3,Trực tiếp XSLA - Xổ số Long An hôm kia 02-12-2023 XSMN » XSLA thứ 7 » XSLA 2-12-2023 SXLA - Xổ số đài Long An 25-11-2023 XSMN » XSLA thứ 7 » XSLA 25-11-2023 KQXSLA - XS Long An 18-11-2023 XSMN » XSLA thứ 7 » XSLA 18-11-2023 XSLAN - XSKT Long An 11-11-2023 XSMN » XSLA thứ 7 » XSLA 11-11-2023 SXLAN - KQXS Long An 04-11-2023 XSMN » XSLA thứ 7 » XSLA 4-11-2023 SX LA - SX Long An 28-10-2023 XSMN » XSLA thứ 7 » XSLA 28-10-2023 Xổ số kiến thiết Long An 21-10-2023 XSMN » XSLA thứ 7 » XSLA 21-10-2023,Tỉnh,29797 14063,Giải đặc biệt,Giải nhất,Giải nhì,Giải ba,Giải tư,Giải năm,Giải sáu,Giải bảy,Giải tám
Miền Nam,Giải 2,Trực tiếp XSLA - Xổ số Long An hôm kia 02-12-2023 XSMN » XSLA thứ 7 » XSLA 2-12-2023 SXLA - Xổ số đài Long An 25-11-2023 XSMN » XSLA thứ 7 » XSLA 25-11-2023 KQXSLA - XS Long An 18-11-2023 XSMN » XSLA thứ 7 » XSLA 18-11-2023 XSLAN - XSKT Long An 11-11-2023 XSMN » XSLA thứ 7 » XSLA 11-11-2023 SXLAN - KQXS Long An 04-11-2023 XSMN » XSLA thứ 7 » XSLA 4-11-2023 SX LA - SX Long An 28-10-2023 XSMN » XSLA thứ 7 » XSLA 28-10-2023 Xổ số kiến thiết Long An 21-10-2023 XSMN » XSLA thứ 7 » XSLA 21-10-2023,Tỉnh,47419,Giải đặc biệt,Giải nhất,Giải nhì,Giải ba,Giải tư,Giải năm,Giải sáu,Giải bảy,Giải tám
Miền Nam,Giải 1,Trực tiếp XSLA - Xổ số Long An hôm kia 02-12-2023 XSMN » XSLA thứ 7 » XSLA 2-12-2023 SXLA - Xổ số đài Long An 25-11-2023 XSMN » XSLA thứ 7 » XSLA 25-11-2023 KQXSLA - XS Long An 18-11-2023 XSMN » XSLA thứ 7 » XSLA 18-11-2023 XSLAN - XSKT Long An 11-11-2023 XSMN » XSLA thứ 7 » XSLA 11-11-2023 SXLAN - KQXS Long An 04-11-2023 XSMN » XSLA thứ 7 » XSLA 4-11-2023 SX LA - SX Long An 28-10-2023 XSMN » XSLA thứ 7 » XSLA 28-10-2023 Xổ số kiến thiết Long An 21-10-2023 XSMN » XSLA thứ 7 » XSLA 21-10-2023,Tỉnh,29969,Giải đặc biệt,Giải nhất,Giải nhì,Giải ba,Giải tư,Giải năm,Giải sáu,Giải bảy,Giải tám
Miền Nam,ĐB,Trực tiếp XSLA - Xổ số Long An hôm kia 02-12-2023 XSMN » XSLA thứ 7 » XSLA 2-12-2023 SXLA - Xổ số đài Long An 25-11-2023 XSMN » XSLA thứ 7 » XSLA 25-11-2023 KQXSLA - XS Long An 18-11-2023 XSMN » XSLA thứ 7 » XSLA 18-11-2023 XSLAN - XSKT Long An 11-11-2023 XSMN » XSLA thứ 7 » XSLA 11-11-2023 SXLAN - KQXS Long An 04-11-2023 XSMN » XSLA thứ 7 » XSLA 4-11-2023 SX LA - SX Long An 28-10-2023 XSMN » XSLA thứ 7 » XSLA 28-10-2023 Xổ số kiến thiết Long An 21-10-2023 XSMN » XSLA thứ 7 » XSLA 21-10-2023,Tỉnh,101272,Giải đặc biệt,Giải nhất,Giải nhì,Giải ba,Giải tư,Giải năm,Giải sáu,Giải bảy,Giải tám
Miền Nam,Giải 8,Trực tiếp XSLA - Xổ số Long An hôm kia 02-12-2023 XSMN » XSLA thứ 7 » XSLA 2-12-2023 SXLA - Xổ số đài Long An 25-11-2023 XSMN » XSLA thứ 7 » XSLA 25-11-2023 KQXSLA - XS Long An 18-11-2023 XSMN » XSLA thứ 7 » XSLA 18-11-2023 XSLAN - XSKT Long An 11-11-2023 XSMN » XSLA thứ 7 » XSLA 11-11-2023 SXLAN - KQXS Long An 04-11-2023 XSMN » XSLA thứ 7 » XSLA 4-11-2023 SX LA - SX Long An 28-10-2023 XSMN » XSLA thứ 7 » XSLA 28-10-2023 Xổ số kiến thiết Long An 21-10-2023 XSMN » XSLA thứ 7 » XSLA 21-10-2023,Tỉnh,80,Giải đặc biệt,Giải nhất,Giải nhì,Giải ba,Giải tư,Giải năm,Giải sáu,Giải bảy,Giải tám
Miền Nam,Giải 7,Trực tiếp XSLA - Xổ số Long An hôm kia 02-12-2023 XSMN » XSLA thứ 7 » XSLA 2-12-2023 SXLA - Xổ số đài Long An 25-11-2023 XSMN » XSLA thứ 7 » XSLA 25-11-2023 KQXSLA - XS Long An 18-11-2023 XSMN » XSLA thứ 7 » XSLA 18-11-2023 XSLAN - XSKT Long An 11-11-2023 XSMN » XSLA thứ 7 » XSLA 11-11-2023 SXLAN - KQXS Long An 04-11-2023 XSMN » XSLA thứ 7 » XSLA 4-11-2023 SX LA - SX Long An 28-10-2023 XSMN » XSLA thứ 7 » XSLA 28-10-2023 Xổ số kiến thiết Long An 21-10-2023 XSMN » XSLA thứ 7 » XSLA 21-10-2023,Tỉnh,587,Giải đặc biệt,Giải nhất,Giải nhì,Giải ba,Giải tư,Giải năm,Giải sáu,Giải bảy,Giải tám
Miền Nam,Giải 6,Trực tiếp XSLA - Xổ số Long An hôm kia 02-12-2023 XSMN » XSLA thứ 7 » XSLA 2-12-2023 SXLA - Xổ số đài Long An 25-11-2023 XSMN » XSLA thứ 7 » XSLA 25-11-2023 KQXSLA - XS Long An 18-11-2023 XSMN » XSLA thứ 7 » XSLA 18-11-2023 XSLAN - XSKT Long An 11-11-2023 XSMN » XSLA thứ 7 » XSLA 11-11-2023 SXLAN - KQXS Long An 04-11-2023 XSMN » XSLA thứ 7 » XSLA 4-11-2023 SX LA - SX Long An 28-10-2023 XSMN » XSLA thứ 7 » XSLA 28-10-2023 Xổ số kiến thiết Long An 21-10-2023 XSMN » XSLA thứ 7 » XSLA 21-10-2023,Tỉnh,6411 3106 5545,Giải đặc biệt,Giải nhất,Giải nhì,Giải ba,Giải tư,Giải năm,Giải sáu,Giải bảy,Giải tám
Miền Nam,Giải 5,Trực tiếp XSLA - Xổ số Long An hôm kia 02-12-2023 XSMN » XSLA thứ 7 » XSLA 2-12-2023 SXLA - Xổ số đài Long An 25-11-2023 XSMN » XSLA thứ 7 » XSLA 25-11-2023 KQXSLA - XS Long An 18-11-2023 XSMN » XSLA thứ 7 » XSLA 18-11-2023 XSLAN - XSKT Long An 11-11-2023 XSMN » XSLA thứ 7 » XSLA 11-11-2023 SXLAN - KQXS Long An 04-11-2023 XSMN » XSLA thứ 7 » XSLA 4-11-2023 SX LA - SX Long An 28-10-2023 XSMN » XSLA thứ 7 » XSLA 28-10-2023 Xổ số kiến thiết Long An 21-10-2023 XSMN » XSLA thứ 7 » XSLA 21-10-2023,Tỉnh,4661,Giải đặc biệt,Giải nhất,Giải nhì,Giải ba,Giải tư,Giải năm,Giải sáu,Giải bảy,Giải tám
Miền Nam,,Trực tiếp XSLA - Xổ số Long An hôm kia 02-12-2023 XSMN » XSLA thứ 7 » XSLA 2-12-2023 SXLA - Xổ số đài Long An 25-11-2023 XSMN » XSLA thứ 7 » XSLA 25-11-2023 KQXSLA - XS Long An 18-11-2023 XSMN » XSLA thứ 7 » XSLA 18-11-2023 XSLAN - XSKT Long An 11-11-2023 XSMN » XSLA thứ 7 » XSLA 11-11-2023 SXLAN - KQXS Long An 04-11-2023 XSMN » XSLA thứ 7 » XSLA 4-11-2023 SX LA - SX Long An 28-10-2023 XSMN » XSLA thứ 7 » XSLA 28-10-2023 Xổ số kiến thiết Long An 21-10-2023 XSMN » XSLA thứ 7 » XSLA 21-10-2023,Tỉnh,30649 08122 87765 78456 52379 37329 55791,Giải đặc biệt,Giải nhất,Giải nhì,Giải ba,Giải tư,Giải năm,Giải sáu,Giải bảy,Giải tám
Miền Nam,Giải 3,Trực tiếp XSLA - Xổ số Long An hôm kia 02-12-2023 XSMN » XSLA thứ 7 » XSLA 2-12-2023 SXLA - Xổ số đài Long An 25-11-2023 XSMN » XSLA thứ 7 » XSLA 25-11-2023 KQXSLA - XS Long An 18-11-2023 XSMN » XSLA thứ 7 » XSLA 18-11-2023 XSLAN - XSKT Long An 11-11-2023 XSMN » XSLA thứ 7 » XSLA 11-11-2023 SXLAN - KQXS Long An 04-11-2023 XSMN » XSLA thứ 7 » XSLA 4-11-2023 SX LA - SX Long An 28-10-2023 XSMN » XSLA thứ 7 » XSLA 28-10-2023 Xổ số kiến thiết Long An 21-10-2023 XSMN » XSLA thứ 7 » XSLA 21-10-2023,Tỉnh,96785 31942,Giải đặc biệt,Giải nhất,Giải nhì,Giải ba,Giải tư,Giải năm,Giải sáu,Giải bảy,Giải tám
Miền Nam,Giải 2,Trực tiếp XSLA - Xổ số Long An hôm kia 02-12-2023 XSMN » XSLA thứ 7 » XSLA 2-12-2023 SXLA - Xổ số đài Long An 25-11-2023 XSMN » XSLA thứ 7 » XSLA 25-11-2023 KQXSLA - XS Long An 18-11-2023 XSMN » XSLA thứ 7 » XSLA 18-11-2023 XSLAN - XSKT Long An 11-11-2023 XSMN » XSLA thứ 7 » XSLA 11-11-2023 SXLAN - KQXS Long An 04-11-2023 XSMN » XSLA thứ 7 » XSLA 4-11-2023 SX LA - SX Long An 28-10-2023 XSMN » XSLA thứ 7 » XSLA 28-10-2023 Xổ số kiến thiết Long An 21-10-2023 XSMN » XSLA thứ 7 » XSLA 21-10-2023,Tỉnh,94577,Giải đặc biệt,Giải nhất,Giải nhì,Giải ba,Giải tư,Giải năm,Giải sáu,Giải bảy,Giải tám
Miền Nam,Giải 1,Trực tiếp XSLA - Xổ số Long An hôm kia 02-12-2023 XSMN » XSLA thứ 7 » XSLA 2-12-2023 SXLA - Xổ số đài Long An 25-11-2023 XSMN » XSLA thứ 7 » XSLA 25-11-2023 KQXSLA - XS Long An 18-11-2023 XSMN » XSLA thứ 7 » XSLA 18-11-2023 XSLAN - XSKT Long An 11-11-2023 XSMN » XSLA thứ 7 » XSLA 11-11-2023 SXLAN - KQXS Long An 04-11-2023 XSMN » XSLA thứ 7 » XSLA 4-11-2023 SX LA - SX Long An 28-10-2023 XSMN » XSLA thứ 7 » XSLA 28-10-2023 Xổ số kiến thiết Long An 21-10-2023 XSMN » XSLA thứ 7 » XSLA 21-10-2023,Tỉnh,80830,Giải đặc biệt,Giải nhất,Giải nhì,Giải ba,Giải tư,Giải năm,Giải sáu,Giải bảy,Giải tám
Miền Nam,ĐB,Trực tiếp XSLA - Xổ số Long An hôm kia 02-12-2023 XSMN » XSLA thứ 7 » XSLA 2-12-2023 SXLA - Xổ số đài Long An 25-11-2023 XSMN » XSLA thứ 7 » XSLA 25-11-2023 KQXSLA - XS Long An 18-11-2023 XSMN » XSLA thứ 7 » XSLA 18-11-2023 XSLAN - XSKT Long An 11-11-2023 XSMN » XSLA thứ 7 » XSLA 11-11-2023 SXLAN - KQXS Long An 04-11-2023 XSMN » XSLA thứ 7 » XSLA 4-11-2023 SX LA - SX Long An 28-10-2023 XSMN » XSLA thứ 7 » XSLA 28-10-2023 Xổ số kiến thiết Long An 21-10-2023 XSMN » XSLA thứ 7 » XSLA 21-10-2023,Tỉnh,200606,Giải đặc biệt,Giải nhất,Giải nhì,Giải ba,Giải tư,Giải năm,Giải sáu,Giải bảy,Giải tám
Miền Nam,Giải 8,Trực tiếp XSLA - Xổ số Long An hôm kia 02-12-2023 XSMN » XSLA thứ 7 » XSLA 2-12-2023 SXLA - Xổ số đài Long An 25-11-2023 XSMN » XSLA thứ 7 » XSLA 25-11-2023 KQXSLA - XS Long An 18-11-2023 XSMN » XSLA thứ 7 » XSLA 18-11-2023 XSLAN - XSKT Long An 11-11-2023 XSMN » XSLA thứ 7 » XSLA 11-11-2023 SXLAN - KQXS Long An 04-11-2023 XSMN » XSLA thứ 7 » XSLA 4-11-2023 SX LA - SX Long An 28-10-2023 XSMN » XSLA thứ 7 » XSLA 28-10-2023 Xổ số kiến thiết Long An 21-10-2023 XSMN » XSLA thứ 7 » XSLA 21-10-2023,Tỉnh,35,Giải đặc biệt,Giải nhất,Giải nhì,Giải ba,Giải tư,Giải năm,Giải sáu,Giải bảy,Giải tám
Miền Nam,Giải 7,Trực tiếp XSLA - Xổ số Long An hôm kia 02-12-2023 XSMN » XSLA thứ 7 » XSLA 2-12-2023 SXLA - Xổ số đài Long An 25-11-2023 XSMN » XSLA thứ 7 » XSLA 25-11-2023 KQXSLA - XS Long An 18-11-2023 XSMN » XSLA thứ 7 » XSLA 18-11-2023 XSLAN - XSKT Long An 11-11-2023 XSMN » XSLA thứ 7 » XSLA 11-11-2023 SXLAN - KQXS Long An 04-11-2023 XSMN » XSLA thứ 7 » XSLA 4-11-2023 SX LA - SX Long An 28-10-2023 XSMN » XSLA thứ 7 » XSLA 28-10-2023 Xổ số kiến thiết Long An 21-10-2023 XSMN » XSLA thứ 7 » XSLA 21-10-2023,Tỉnh,318,Giải đặc biệt,Giải nhất,Giải nhì,Giải ba,Giải tư,Giải năm,Giải sáu,Giải bảy,Giải tám
Miền Nam,Giải 6,Trực tiếp XSLA - Xổ số Long An hôm kia 02-12-2023 XSMN » XSLA thứ 7 » XSLA 2-12-2023 SXLA - Xổ số đài Long An 25-11-2023 XSMN » XSLA thứ 7 » XSLA 25-11-2023 KQXSLA - XS Long An 18-11-2023 XSMN » XSLA thứ 7 » XSLA 18-11-2023 XSLAN - XSKT Long An 11-11-2023 XSMN » XSLA thứ 7 » XSLA 11-11-2023 SXLAN - KQXS Long An 04-11-2023 XSMN » XSLA thứ 7 » XSLA 4-11-2023 SX LA - SX Long An 28-10-2023 XSMN » XSLA thứ 7 » XSLA 28-10-2023 Xổ số kiến thiết Long An 21-10-2023 XSMN » XSLA thứ 7 » XSLA 21-10-2023,Tỉnh,6091 8108 6370,Giải đặc biệt,Giải nhất,Giải nhì,Giải ba,Giải tư,Giải năm,Giải sáu,Giải bảy,Giải tám
Miền Nam,Giải 5,Trực tiếp XSLA - Xổ số Long An hôm kia 02-12-2023 XSMN » XSLA thứ 7 » XSLA 2-12-2023 SXLA - Xổ số đài Long An 25-11-2023 XSMN » XSLA thứ 7 » XSLA 25-11-2023 KQXSLA - XS Long An 18-11-2023 XSMN » XSLA thứ 7 » XSLA 18-11-2023 XSLAN - XSKT Long An 11-11-2023 XSMN » XSLA thứ 7 » XSLA 11-11-2023 SXLAN - KQXS Long An 04-11-2023 XSMN » XSLA thứ 7 » XSLA 4-11-2023 SX LA - SX Long An 28-10-2023 XSMN » XSLA thứ 7 » XSLA 28-10-2023 Xổ số kiến thiết Long An 21-10-2023 XSMN » XSLA thứ 7 » XSLA 21-10-2023,Tỉnh,8365,Giải đặc biệt,Giải nhất,Giải nhì,Giải ba,Giải tư,Giải năm,Giải sáu,Giải bảy,Giải tám
Miền Nam,,Trực tiếp XSLA - Xổ số Long An hôm kia 02-12-2023 XSMN » XSLA thứ 7 » XSLA 2-12-2023 SXLA - Xổ số đài Long An 25-11-2023 XSMN » XSLA thứ 7 » XSLA 25-11-2023 KQXSLA - XS Long An 18-11-2023 XSMN » XSLA thứ 7 » XSLA 18-11-2023 XSLAN - XSKT Long An 11-11-2023 XSMN » XSLA thứ 7 » XSLA 11-11-2023 SXLAN - KQXS Long An 04-11-2023 XSMN » XSLA thứ 7 » XSLA 4-11-2023 SX LA - SX Long An 28-10-2023 XSMN » XSLA thứ 7 » XSLA 28-10-2023 Xổ số kiến thiết Long An 21-10-2023 XSMN » XSLA thứ 7 » XSLA 21-10-2023,Tỉnh,19743 90491 60122 97426 33166 73701 97730,Giải đặc biệt,Giải nhất,Giải nhì,Giải ba,Giải tư,Giải năm,Giải sáu,Giải bảy,Giải tám
Miền Nam,Giải 3,Trực tiếp XSLA - Xổ số Long An hôm kia 02-12-2023 XSMN » XSLA thứ 7 » XSLA 2-12-2023 SXLA - Xổ số đài Long An 25-11-2023 XSMN » XSLA thứ 7 » XSLA 25-11-2023 KQXSLA - XS Long An 18-11-2023 XSMN » XSLA thứ 7 » XSLA 18-11-2023 XSLAN - XSKT Long An 11-11-2023 XSMN » XSLA thứ 7 » XSLA 11-11-2023 SXLAN - KQXS Long An 04-11-2023 XSMN » XSLA thứ 7 » XSLA 4-11-2023 SX LA - SX Long An 28-10-2023 XSMN » XSLA thứ 7 » XSLA 28-10-2023 Xổ số kiến thiết Long An 21-10-2023 XSMN » XSLA thứ 7 » XSLA 21-10-2023,Tỉnh,47571 35588,Giải đặc biệt,Giải nhất,Giải nhì,Giải ba,Giải tư,Giải năm,Giải sáu,Giải bảy,Giải tám
Miền Nam,Giải 2,Trực tiếp XSLA - Xổ số Long An hôm kia 02-12-2023 XSMN » XSLA thứ 7 » XSLA 2-12-2023 SXLA - Xổ số đài Long An 25-11-2023 XSMN » XSLA thứ 7 » XSLA 25-11-2023 KQXSLA - XS Long An 18-11-2023 XSMN » XSLA thứ 7 » XSLA 18-11-2023 XSLAN - XSKT Long An 11-11-2023 XSMN » XSLA thứ 7 » XSLA 11-11-2023 SXLAN - KQXS Long An 04-11-2023 XSMN » XSLA thứ 7 » XSLA 4-11-2023 SX LA - SX Long An 28-10-2023 XSMN » XSLA thứ 7 » XSLA 28-10-2023 Xổ số kiến thiết Long An 21-10-2023 XSMN » XSLA thứ 7 » XSLA 21-10-2023,Tỉnh,76449,Giải đặc biệt,Giải nhất,Giải nhì,Giải ba,Giải tư,Giải năm,Giải sáu,Giải bảy,Giải tám
Miền Nam,Giải 1,Trực tiếp XSLA - Xổ số Long An hôm kia 02-12-2023 XSMN » XSLA thứ 7 » XSLA 2-12-2023 SXLA - Xổ số đài Long An 25-11-2023 XSMN » XSLA thứ 7 » XSLA 25-11-2023 KQXSLA - XS Long An 18-11-2023 XSMN » XSLA thứ 7 » XSLA 18-11-2023 XSLAN - XSKT Long An 11-11-2023 XSMN » XSLA thứ 7 » XSLA 11-11-2023 SXLAN - KQXS Long An 04-11-2023 XSMN » XSLA thứ 7 » XSLA 4-11-2023 SX LA - SX Long An 28-10-2023 XSMN » XSLA thứ 7 » XSLA 28-10-2023 Xổ số kiến thiết Long An 21-10-2023 XSMN » XSLA thứ 7 » XSLA 21-10-2023,Tỉnh,49671,Giải đặc biệt,Giải nhất,Giải nhì,Giải ba,Giải tư,Giải năm,Giải sáu,Giải bảy,Giải tám
Miền Nam,ĐB,Trực tiếp XSLA - Xổ số Long An hôm kia 02-12-2023 XSMN » XSLA thứ 7 » XSLA 2-12-2023 SXLA - Xổ số đài Long An 25-11-2023 XSMN » XSLA thứ 7 » XSLA 25-11-2023 KQXSLA - XS Long An 18-11-2023 XSMN » XSLA thứ 7 » XSLA 18-11-2023 XSLAN - XSKT Long An 11-11-2023 XSMN » XSLA thứ 7 » XSLA 11-11-2023 SXLAN - KQXS Long An 04-11-2023 XSMN » XSLA thứ 7 » XSLA 4-11-2023 SX LA - SX Long An 28-10-2023 XSMN » XSLA thứ 7 » XSLA 28-10-2023 Xổ số kiến thiết Long An 21-10-2023 XSMN » XSLA thứ 7 » XSLA 21-10-2023,Tỉnh,755944,Giải đặc biệt,Giải nhất,Giải nhì,Giải ba,Giải tư,Giải năm,Giải sáu,Giải bảy,Giải tám
Miền Nam,Giải 8,Trực tiếp XSLA - Xổ số Long An hôm kia 02-12-2023 XSMN » XSLA thứ 7 » XSLA 2-12-2023 SXLA - Xổ số đài Long An 25-11-2023 XSMN » XSLA thứ 7 » XSLA 25-11-2023 KQXSLA - XS Long An 18-11-2023 XSMN » XSLA thứ 7 » XSLA 18-11-2023 XSLAN - XSKT Long An 11-11-2023 XSMN » XSLA thứ 7 » XSLA 11-11-2023 SXLAN - KQXS Long An 04-11-2023 XSMN » XSLA thứ 7 » XSLA 4-11-2023 SX LA - SX Long An 28-10-2023 XSMN » XSLA thứ 7 » XSLA 28-10-2023 Xổ số kiến thiết Long An 21-10-2023 XSMN » XSLA thứ 7 » XSLA 21-10-2023,Tỉnh,31,Giải đặc biệt,Giải nhất,Giải nhì,Giải ba,Giải tư,Giải năm,Giải sáu,Giải bảy,Giải tám
Miền Nam,Giải 7,Trực tiếp XSLA - Xổ số Long An hôm kia 02-12-2023 XSMN » XSLA thứ 7 » XSLA 2-12-2023 SXLA - Xổ số đài Long An 25-11-2023 XSMN » XSLA thứ 7 » XSLA 25-11-2023 KQXSLA - XS Long An 18-11-2023 XSMN » XSLA thứ 7 » XSLA 18-11-2023 XSLAN - XSKT Long An 11-11-2023 XSMN » XSLA thứ 7 » XSLA 11-11-2023 SXLAN - KQXS Long An 04-11-2023 XSMN » XSLA thứ 7 » XSLA 4-11-2023 SX LA - SX Long An 28-10-2023 XSMN » XSLA thứ 7 » XSLA 28-10-2023 Xổ số kiến thiết Long An 21-10-2023 XSMN » XSLA thứ 7 » XSLA 21-10-2023,Tỉnh,531,Giải đặc biệt,Giải nhất,Giải nhì,Giải ba,Giải tư,Giải năm,Giải sáu,Giải bảy,Giải tám
Miền Nam,Giải 6,Trực tiếp XSLA - Xổ số Long An hôm kia 02-12-2023 XSMN » XSLA thứ 7 » XSLA 2-12-2023 SXLA - Xổ số đài Long An 25-11-2023 XSMN » XSLA thứ 7 » XSLA 25-11-2023 KQXSLA - XS Long An 18-11-2023 XSMN » XSLA thứ 7 » XSLA 18-11-2023 XSLAN - XSKT Long An 11-11-2023 XSMN » XSLA thứ 7 » XSLA 11-11-2023 SXLAN - KQXS Long An 04-11-2023 XSMN » XSLA thứ 7 » XSLA 4-11-2023 SX LA - SX Long An 28-10-2023 XSMN » XSLA thứ 7 » XSLA 28-10-2023 Xổ số kiến thiết Long An 21-10-2023 XSMN » XSLA thứ 7 » XSLA 21-10-2023,Tỉnh,9025 8022 0631,Giải đặc biệt,Giải nhất,Giải nhì,Giải ba,Giải tư,Giải năm,Giải sáu,Giải bảy,Giải tám
Miền Nam,Giải 5,Trực tiếp XSLA - Xổ số Long An hôm kia 02-12-2023 XSMN » XSLA thứ 7 » XSLA 2-12-2023 SXLA - Xổ số đài Long An 25-11-2023 XSMN » XSLA thứ 7 » XSLA 25-11-2023 KQXSLA - XS Long An 18-11-2023 XSMN » XSLA thứ 7 » XSLA 18-11-2023 XSLAN - XSKT Long An 11-11-2023 XSMN » XSLA thứ 7 » XSLA 11-11-2023 SXLAN - KQXS Long An 04-11-2023 XSMN » XSLA thứ 7 » XSLA 4-11-2023 SX LA - SX Long An 28-10-2023 XSMN » XSLA thứ 7 » XSLA 28-10-2023 Xổ số kiến thiết Long An 21-10-2023 XSMN » XSLA thứ 7 » XSLA 21-10-2023,Tỉnh,4630,Giải đặc biệt,Giải nhất,Giải nhì,Giải ba,Giải tư,Giải năm,Giải sáu,Giải bảy,Giải tám
Miền Nam,,Trực tiếp XSLA - Xổ số Long An hôm kia 02-12-2023 XSMN » XSLA thứ 7 » XSLA 2-12-2023 SXLA - Xổ số đài Long An 25-11-2023 XSMN » XSLA thứ 7 » XSLA 25-11-2023 KQXSLA - XS Long An 18-11-2023 XSMN » XSLA thứ 7 » XSLA 18-11-2023 XSLAN - XSKT Long An 11-11-2023 XSMN » XSLA thứ 7 » XSLA 11-11-2023 SXLAN - KQXS Long An 04-11-2023 XSMN » XSLA thứ 7 » XSLA 4-11-2023 SX LA - SX Long An 28-10-2023 XSMN » XSLA thứ 7 » XSLA 28-10-2023 Xổ số kiến thiết Long An 21-10-2023 XSMN » XSLA thứ 7 » XSLA 21-10-2023,Tỉnh,21276 02597 18892 85485 16997 31833 46081,Giải đặc biệt,Giải nhất,Giải nhì,Giải ba,Giải tư,Giải năm,Giải sáu,Giải bảy,Giải tám
Miền Nam,Giải 3,Trực tiếp XSLA - Xổ số Long An hôm kia 02-12-2023 XSMN » XSLA thứ 7 » XSLA 2-12-2023 SXLA - Xổ số đài Long An 25-11-2023 XSMN » XSLA thứ 7 » XSLA 25-11-2023 KQXSLA - XS Long An 18-11-2023 XSMN » XSLA thứ 7 » XSLA 18-11-2023 XSLAN - XSKT Long An 11-11-2023 XSMN » XSLA thứ 7 » XSLA 11-11-2023 SXLAN - KQXS Long An 04-11-2023 XSMN » XSLA thứ 7 » XSLA 4-11-2023 SX LA - SX Long An 28-10-2023 XSMN » XSLA thứ 7 » XSLA 28-10-2023 Xổ số kiến thiết Long An 21-10-2023 XSMN » XSLA thứ 7 » XSLA 21-10-2023,Tỉnh,38910 92675,Giải đặc biệt,Giải nhất,Giải nhì,Giải ba,Giải tư,Giải năm,Giải sáu,Giải bảy,Giải tám
Miền Nam,Giải 2,Trực tiếp XSLA - Xổ số Long An hôm kia 02-12-2023 XSMN » XSLA thứ 7 » XSLA 2-12-2023 SXLA - Xổ số đài Long An 25-11-2023 XSMN » XSLA thứ 7 » XSLA 25-11-2023 KQXSLA - XS Long An 18-11-2023 XSMN » XSLA thứ 7 » XSLA 18-11-2023 XSLAN - XSKT Long An 11-11-2023 XSMN » XSLA thứ 7 » XSLA 11-11-2023 SXLAN - KQXS Long An 04-11-2023 XSMN » XSLA thứ 7 » XSLA 4-11-2023 SX LA - SX Long An 28-10-2023 XSMN » XSLA thứ 7 » XSLA 28-10-2023 Xổ số kiến thiết Long An 21-10-2023 XSMN » XSLA thứ 7 » XSLA 21-10-2023,Tỉnh,23355,Giải đặc biệt,Giải nhất,Giải nhì,Giải ba,Giải tư,Giải năm,Giải sáu,Giải bảy,Giải tám
Miền Nam,Giải 1,Trực tiếp XSLA - Xổ số Long An hôm kia 02-12-2023 XSMN » XSLA thứ 7 » XSLA 2-12-2023 SXLA - Xổ số đài Long An 25-11-2023 XSMN » XSLA thứ 7 » XSLA 25-11-2023 KQXSLA - XS Long An 18-11-2023 XSMN » XSLA thứ 7 » XSLA 18-11-2023 XSLAN - XSKT Long An 11-11-2023 XSMN » XSLA thứ 7 » XSLA 11-11-2023 SXLAN - KQXS Long An 04-11-2023 XSMN » XSLA thứ 7 » XSLA 4-11-2023 SX LA - SX Long An 28-10-2023 XSMN » XSLA thứ 7 » XSLA 28-10-2023 Xổ số kiến thiết Long An 21-10-2023 XSMN » XSLA thứ 7 » XSLA 21-10-2023,Tỉnh,63450,Giải đặc biệt,Giải nhất,Giải nhì,Giải ba,Giải tư,Giải năm,Giải sáu,Giải bảy,Giải tám
Miền Nam,ĐB,Trực tiếp XSLA - Xổ số Long An hôm kia 02-12-2023 XSMN » XSLA thứ 7 » XSLA 2-12-2023 SXLA - Xổ số đài Long An 25-11-2023 XSMN » XSLA thứ 7 » XSLA 25-11-2023 KQXSLA - XS Long An 18-11-2023 XSMN » XSLA thứ 7 » XSLA 18-11-2023 XSLAN - XSKT Long An 11-11-2023 XSMN » XSLA thứ 7 » XSLA 11-11-2023 SXLAN - KQXS Long An 04-11-2023 XSMN » XSLA thứ 7 » XSLA 4-11-2023 SX LA - SX Long An 28-10-2023 XSMN » XSLA thứ 7 » XSLA 28-10-2023 Xổ số kiến thiết Long An 21-10-2023 XSMN » XSLA thứ 7 » XSLA 21-10-2023,Tỉnh,044937,Giải đặc biệt,Giải nhất,Giải nhì,Giải ba,Giải tư,Giải năm,Giải sáu,Giải bảy,Giải tám
